{
 "signatures": [
  {
   "keyid": "fce9cf1cc86b0945d6a042f334026f31ed8e4ee1510218f198e8d3f191d15309", 
   "method": "ed25519", 
   "sig": "f7f03b13e3f4a78a23561419fc0dd741a637e49ee671251be9f8f3fceedfc112e44ee3aaff2278fad9164ab039118d4dc53f22f94900dae9a147aa4d35dcfc0f"
  }
 ], 
 "signed": {
  "_type": "Snapshot", 
  "expires": "2030-01-01T00:00:00Z", 
  "meta": {
   "root.json": {
    "hashes": {
     "sha256": "52bbb30f683d166fae5c366e4582cfe8212aacbe1b21ae2026dae58ec55d3701"
    }, 
    "length": 1831
   }, 
   "targets.json": {
    "hashes": {
     "sha256": "f592d072e1193688a686267e8e10d7257b4ebfcf28133350dae88362d82a0c8a"
    }, 
    "length": 1184
   }, 
   "targets.json.gz": {
    "hashes": {
     "sha256": "9f8aff5b55ee4b3140360d99b39fa755a3ea640462072b4fd74bdd72e6fe245a"
    }, 
    "length": 599
   }, 
   "targets/project.json": {
    "hashes": {
     "sha256": "1f812e378264c3085bb69ec5f6663ed21e5882bbece3c3f8a0e8479f205ffb91"
    }, 
    "length": 604
   }
  }, 
  "version": 1
 }
}